id,signal_id,ticker,signal_type,signal_strength,suggested_action,holding_type,asset_type,signal_price,source_report_id,source_data,status,processed_at,rejection_reason,generated_at,expires_at,created_at
7,03165351-0b60-48ac-8e55-21b5b41ed8c0,DPZ,trend_break_bullish,1.0000,buy,swing,stock,394.8800,,"{""break_id"": 534739, ""magnitude"": 11.28, ""break_type"": ""trough"", ""volume_ratio"": 2.0083}",processed,2026-02-09 02:00:13.068003+00,,2026-02-09 02:00:10.519128+00,2026-02-10 02:00:10.549731+00,2026-02-09 02:00:10.519128+00
8,7dfbacc9-9727-49b4-869c-af882d6f0220,FICO,trend_break_bullish,1.0000,buy,swing,stock,1391.0000,,"{""break_id"": 696641, ""magnitude"": 41.04, ""break_type"": ""trough"", ""volume_ratio"": 1.5375}",processed,2026-02-09 02:00:13.078142+00,,2026-02-09 02:00:10.519128+00,2026-02-10 02:00:10.550148+00,2026-02-09 02:00:10.519128+00
9,9b32600c-6773-4851-ae0e-4971a71ea1f0,KLAC,trend_break_bullish,1.0000,buy,swing,stock,1442.9500,,"{""break_id"": 978593, ""magnitude"": 12.78, ""break_type"": ""trough"", ""volume_ratio"": 0.3875}",rejected,2026-02-09 02:00:13.080255+00,Would exceed swing allocation limit,2026-02-09 02:00:10.519128+00,2026-02-10 02:00:10.550517+00,2026-02-09 02:00:10.519128+00
3,4203291e-5b5a-4322-9758-dc83408fe0a6,BLK,trend_break_bullish,1.0000,buy,swing,stock,1056.3800,,"{""break_id"": 259994, ""magnitude"": 17.8, ""break_type"": ""trough"", ""volume_ratio"": 1.9895}",processed,2026-02-09 02:00:13.029673+00,,2026-02-09 02:00:10.519128+00,2026-02-10 02:00:10.546111+00,2026-02-09 02:00:10.519128+00
4,f4c92f75-0638-4630-89d5-7f6ce9a6aab8,CAT,trend_break_bullish,1.0000,buy,swing,stock,726.2000,,"{""break_id"": 301210, ""magnitude"": 16.38, ""break_type"": ""trough"", ""volume_ratio"": 0.8609}",processed,2026-02-09 02:00:13.037995+00,,2026-02-09 02:00:10.519128+00,2026-02-10 02:00:10.546553+00,2026-02-09 02:00:10.519128+00
1,ad66213e-06e3-4553-a40e-edecc6a6b286,AMP,trend_break_bullish,1.0000,buy,swing,stock,542.9900,,"{""break_id"": 124739, ""magnitude"": 11.17, ""break_type"": ""trough"", ""volume_ratio"": 0.3084}",processed,2026-02-09 02:00:13.020019+00,,2026-02-09 02:00:10.519128+00,2026-02-10 02:00:10.518916+00,2026-02-09 02:00:10.519128+00
6,68eb8a64-55d9-4fa9-823d-2370f7903f53,CMI,trend_break_bullish,1.0000,buy,swing,stock,577.7300,,"{""break_id"": 379190, ""magnitude"": 13.14, ""break_type"": ""trough"", ""volume_ratio"": 0.6043}",processed,2026-02-09 02:00:13.05269+00,,2026-02-09 02:00:10.519128+00,2026-02-10 02:00:10.549271+00,2026-02-09 02:00:10.519128+00
2,1b10fe1c-8f5f-4edf-b139-897c4c3814fa,BKNG,trend_break_bearish,1.0000,sell,swing,stock,4457.1699,,"{""break_id"": 249711, ""magnitude"": 12.71, ""break_type"": ""peak"", ""volume_ratio"": 0.3876}",rejected,2026-02-10 20:52:58.003877+00,No position held to sell,2026-02-09 02:00:10.519128+00,2026-02-10 02:00:10.545478+00,2026-02-09 02:00:10.519128+00
5,527a512b-de15-467c-896b-90ef82865d2d,CEG,trend_break_bearish,1.0000,sell,swing,stock,261.4200,,"{""break_id"": 326705, ""magnitude"": 10.82, ""break_type"": ""peak"", ""volume_ratio"": 1.1279}",rejected,2026-02-10 20:52:58.003877+00,No position held to sell,2026-02-09 02:00:10.519128+00,2026-02-10 02:00:10.548757+00,2026-02-09 02:00:10.519128+00
10,634d38ed-183f-4ed2-84f1-5dffd44c7656,SNPS,trend_break_bearish,1.0000,sell,swing,stock,426.8800,,"{""break_id"": 1517497, ""magnitude"": 10.98, ""break_type"": ""peak"", ""volume_ratio"": 1.6181}",rejected,2026-02-10 20:52:58.003877+00,No position held to sell,2026-02-09 02:00:10.519128+00,2026-02-10 02:00:10.550879+00,2026-02-09 02:00:10.519128+00
15,2124f6d8-0757-4804-ac3b-b3cfd65bb187,CEG,trend_break_bearish,1.0000,sell,swing,stock,272.1500,,"{""break_id"": 326705, ""magnitude"": 10.82, ""break_type"": ""peak"", ""volume_ratio"": 1.1279}",rejected,2026-02-10 20:52:58.003877+00,No position held to sell,2026-02-10 14:01:23.996653+00,2026-02-11 14:01:24.015554+00,2026-02-10 14:01:23.996653+00
11,f0996e24-7d41-41f4-9781-591dfad068eb,AMP,trend_break_bullish,1.0000,buy,swing,stock,539.1100,,"{""break_id"": 124739, ""magnitude"": 11.17, ""break_type"": ""trough"", ""volume_ratio"": 0.3084}",rejected,2026-02-10 14:01:26.305972+00,"Position too large: max 5.0% = $5000.00, would be $9738.90",2026-02-10 14:01:23.996653+00,2026-02-11 14:01:23.996433+00,2026-02-10 14:01:23.996653+00
13,80bbf2bb-5a5e-4b61-a300-de0d3ab75649,BLK,trend_break_bullish,1.0000,buy,swing,stock,1079.9000,,"{""break_id"": 259994, ""magnitude"": 17.8, ""break_type"": ""trough"", ""volume_ratio"": 1.9895}",rejected,2026-02-10 14:01:26.344634+00,"Position too large: max 5.0% = $5000.00, would be $8545.12",2026-02-10 14:01:23.996653+00,2026-02-11 14:01:24.014625+00,2026-02-10 14:01:23.996653+00
14,a9190125-f5d1-4263-be8d-65f0a2eae833,CAT,trend_break_bullish,1.0000,buy,swing,stock,742.1200,,"{""break_id"": 301210, ""magnitude"": 16.38, ""break_type"": ""trough"", ""volume_ratio"": 0.8609}",rejected,2026-02-10 14:01:26.35193+00,"Position too large: max 5.0% = $5000.00, would be $8809.92",2026-02-10 14:01:23.996653+00,2026-02-11 14:01:24.015132+00,2026-02-10 14:01:23.996653+00
16,dfb72648-333e-4be1-be08-220857aafce2,CMI,trend_break_bullish,1.0000,buy,swing,stock,601.3800,,"{""break_id"": 379190, ""magnitude"": 13.14, ""break_type"": ""trough"", ""volume_ratio"": 0.6043}",rejected,2026-02-10 14:01:26.356941+00,"Position too large: max 5.0% = $5000.00, would be $9432.88",2026-02-10 14:01:23.996653+00,2026-02-11 14:01:24.016073+00,2026-02-10 14:01:23.996653+00
17,8692ddc3-11b5-4b9d-9b6d-641ed09eb803,DPZ,trend_break_bullish,1.0000,buy,swing,stock,392.1600,,"{""break_id"": 534739, ""magnitude"": 11.28, ""break_type"": ""trough"", ""volume_ratio"": 2.0083}",rejected,2026-02-10 14:01:26.365096+00,"Position too large: max 5.0% = $5000.00, would be $9444.48",2026-02-10 14:01:23.996653+00,2026-02-11 14:01:24.016775+00,2026-02-10 14:01:23.996653+00
18,405e56b7-8757-43c8-98db-73499cd5074e,FICO,trend_break_bullish,1.0000,buy,swing,stock,1372.7600,,"{""break_id"": 696641, ""magnitude"": 41.04, ""break_type"": ""trough"", ""volume_ratio"": 1.5375}",rejected,2026-02-10 14:01:26.369998+00,"Position too large: max 5.0% = $5000.00, would be $8291.28",2026-02-10 14:01:23.996653+00,2026-02-11 14:01:24.017246+00,2026-02-10 14:01:23.996653+00
19,043ce12e-17d3-4e7f-b1cb-6ef544ce0829,KLAC,trend_break_bullish,1.0000,buy,swing,stock,1440.1600,,"{""break_id"": 978593, ""magnitude"": 12.78, ""break_type"": ""trough"", ""volume_ratio"": 0.3875}",rejected,2026-02-10 14:01:26.374976+00,Would exceed swing allocation limit,2026-02-10 14:01:23.996653+00,2026-02-11 14:01:24.01763+00,2026-02-10 14:01:23.996653+00
12,daf6c260-cc75-41b8-9239-2fedaad3f954,BKNG,trend_break_bearish,1.0000,sell,swing,stock,4237.0498,,"{""break_id"": 249711, ""magnitude"": 12.71, ""break_type"": ""peak"", ""volume_ratio"": 0.3876}",rejected,2026-02-10 20:52:58.003877+00,No position held to sell,2026-02-10 14:01:23.996653+00,2026-02-11 14:01:24.013944+00,2026-02-10 14:01:23.996653+00
20,c94e2d96-8c9c-42e6-97fe-81e6b0c22640,SNPS,trend_break_bearish,1.0000,sell,swing,stock,438.9000,,"{""break_id"": 1517497, ""magnitude"": 10.98, ""break_type"": ""peak"", ""volume_ratio"": 1.6181}",rejected,2026-02-10 20:52:58.003877+00,No position held to sell,2026-02-10 14:01:23.996653+00,2026-02-11 14:01:24.017975+00,2026-02-10 14:01:23.996653+00
22,834d574f-0885-4ad3-92ae-ef0a758c162e,BKNG,trend_break_bearish,1.0000,sell,swing,stock,4281.1401,,"{""break_id"": 249711, ""magnitude"": 12.71, ""break_type"": ""peak"", ""volume_ratio"": 0.3876}",rejected,2026-02-11 14:01:19.298828+00,No position held to sell,2026-02-11 14:01:16.470214+00,2026-02-12 14:01:16.491572+00,2026-02-11 14:01:16.470214+00
23,6f0c818e-e61d-4bf2-ad7f-7dd28bab94c6,BLK,trend_break_bullish,1.0000,buy,swing,stock,1087.7800,,"{""break_id"": 259994, ""magnitude"": 17.8, ""break_type"": ""trough"", ""volume_ratio"": 1.9895}",rejected,2026-02-11 14:01:19.300922+00,Already holding position,2026-02-11 14:01:16.470214+00,2026-02-12 14:01:16.492476+00,2026-02-11 14:01:16.470214+00
24,ccf22424-0642-4e4f-b8c8-ecc2e186ffa4,CAT,trend_break_bullish,1.0000,buy,swing,stock,742.3700,,"{""break_id"": 301210, ""magnitude"": 16.38, ""break_type"": ""trough"", ""volume_ratio"": 0.8609}",rejected,2026-02-11 14:01:19.302876+00,Already holding position,2026-02-11 14:01:16.470214+00,2026-02-12 14:01:16.492895+00,2026-02-11 14:01:16.470214+00
25,ce6e8a8d-055a-474b-8ccf-27a6b4c423ff,CEG,trend_break_bearish,1.0000,sell,swing,stock,271.1400,,"{""break_id"": 326705, ""magnitude"": 10.82, ""break_type"": ""peak"", ""volume_ratio"": 1.1279}",rejected,2026-02-11 14:01:19.307981+00,No position held to sell,2026-02-11 14:01:16.470214+00,2026-02-12 14:01:16.493252+00,2026-02-11 14:01:16.470214+00
26,82f4e0e9-f12e-405b-b89e-ab0efc15ddfb,CMI,trend_break_bullish,1.0000,buy,swing,stock,588.0700,,"{""break_id"": 379190, ""magnitude"": 13.14, ""break_type"": ""trough"", ""volume_ratio"": 0.6043}",rejected,2026-02-11 14:01:19.314378+00,Already holding position,2026-02-11 14:01:16.470214+00,2026-02-12 14:01:16.493562+00,2026-02-11 14:01:16.470214+00
21,7e581074-93cf-4a13-9b95-3853dcb29c9b,AMP,trend_break_bullish,1.0000,buy,swing,stock,505.6400,,"{""break_id"": 124739, ""magnitude"": 11.17, ""break_type"": ""trough"", ""volume_ratio"": 0.3084}",rejected,2026-02-11 14:01:19.259211+00,Already holding position,2026-02-11 14:01:16.470214+00,2026-02-12 14:01:16.46999+00,2026-02-11 14:01:16.470214+00
27,b62b0e36-c0c0-427a-a793-00bca4fe209f,DPZ,trend_break_bullish,1.0000,buy,swing,stock,389.7300,,"{""break_id"": 534739, ""magnitude"": 11.28, ""break_type"": ""trough"", ""volume_ratio"": 2.0083}",rejected,2026-02-11 14:01:19.316527+00,Already holding position,2026-02-11 14:01:16.470214+00,2026-02-12 14:01:16.49387+00,2026-02-11 14:01:16.470214+00
28,cd2e36d1-93dd-44e0-9545-b65402e6e63c,FICO,trend_break_bullish,1.0000,buy,swing,stock,1380.6801,,"{""break_id"": 696641, ""magnitude"": 41.04, ""break_type"": ""trough"", ""volume_ratio"": 1.5375}",rejected,2026-02-11 14:01:19.31978+00,Already holding position,2026-02-11 14:01:16.470214+00,2026-02-12 14:01:16.494182+00,2026-02-11 14:01:16.470214+00
29,58d260a2-35eb-40ca-abc9-7cc404956950,KLAC,trend_break_bullish,1.0000,buy,swing,stock,1430.8400,,"{""break_id"": 978593, ""magnitude"": 12.78, ""break_type"": ""trough"", ""volume_ratio"": 0.3875}",processed,2026-02-11 14:01:19.346566+00,,2026-02-11 14:01:16.470214+00,2026-02-12 14:01:16.497689+00,2026-02-11 14:01:16.470214+00
30,ea0b0749-f68d-4ae8-a8d5-e9143cdffa0a,SNPS,trend_break_bearish,1.0000,sell,swing,stock,437.4500,,"{""break_id"": 1517497, ""magnitude"": 10.98, ""break_type"": ""peak"", ""volume_ratio"": 1.6181}",rejected,2026-02-11 14:01:19.348941+00,No position held to sell,2026-02-11 14:01:16.470214+00,2026-02-12 14:01:16.498122+00,2026-02-11 14:01:16.470214+00
38,20c3f549-c8be-49e7-9f1a-8076b9156cf2,GOOGL,13f_strong_buy,0.9000,buy,long_term,stock,310.9600,,"{""funds_buying"": 10, ""funds_selling"": 2, ""report_quarter"": ""Q4 2024"", ""net_shares_change"": 17683799, ""institutional_value"": 97132427810.0, ""institutional_sentiment"": 1.333333}",rejected,2026-02-12 14:01:23.859692+00,Already holding position,2026-02-12 14:01:20.77496+00,2026-02-13 14:01:20.802412+00,2026-02-12 14:01:20.77496+00
40,0b8e057f-8017-4d63-85c5-d8985d5f5d2d,ORCL,13f_strong_buy,0.9000,buy,long_term,stock,157.1600,,"{""funds_buying"": 5, ""funds_selling"": 1, ""report_quarter"": ""Q4 2024"", ""net_shares_change"": 1247165, ""institutional_value"": 26245872156.0, ""institutional_sentiment"": 2.0}",rejected,2026-02-12 14:01:23.866633+00,Already holding position,2026-02-12 14:01:20.77496+00,2026-02-13 14:01:20.803103+00,2026-02-12 14:01:20.77496+00
31,51ce37c6-9526-4448-ab29-8ab02e82ff1e,AMP,trend_break_bullish,1.0000,buy,swing,stock,485.9600,,"{""break_id"": 124739, ""magnitude"": 11.17, ""break_type"": ""trough"", ""volume_ratio"": 0.3084}",rejected,2026-02-12 14:01:23.794541+00,Already holding position,2026-02-12 14:01:20.77496+00,2026-02-13 14:01:20.774385+00,2026-02-12 14:01:20.77496+00
32,0390046b-6575-4ba9-ac31-99cfb9b49570,BKNG,trend_break_bearish,1.0000,sell,swing,stock,4312.4399,,"{""break_id"": 249711, ""magnitude"": 12.71, ""break_type"": ""peak"", ""volume_ratio"": 0.3876}",rejected,2026-02-12 14:01:23.837085+00,No position held to sell,2026-02-12 14:01:20.77496+00,2026-02-13 14:01:20.799635+00,2026-02-12 14:01:20.77496+00
33,ee8f76fd-87b6-4253-9b5a-b8b9593f81d9,BLK,trend_break_bullish,1.0000,buy,swing,stock,1082.8800,,"{""break_id"": 259994, ""magnitude"": 17.8, ""break_type"": ""trough"", ""volume_ratio"": 1.9895}",rejected,2026-02-12 14:01:23.839427+00,Already holding position,2026-02-12 14:01:20.77496+00,2026-02-13 14:01:20.800413+00,2026-02-12 14:01:20.77496+00
34,da22f636-f9e2-444c-a5d6-bfe4e1420ddb,CAT,trend_break_bullish,1.0000,buy,swing,stock,775.0000,,"{""break_id"": 301210, ""magnitude"": 16.38, ""break_type"": ""trough"", ""volume_ratio"": 0.8609}",rejected,2026-02-12 14:01:23.84143+00,Already holding position,2026-02-12 14:01:20.77496+00,2026-02-13 14:01:20.800844+00,2026-02-12 14:01:20.77496+00
35,0fc8d8f4-5f16-4014-960e-87ab1da974fe,CEG,trend_break_bearish,1.0000,sell,swing,stock,276.8500,,"{""break_id"": 326705, ""magnitude"": 10.82, ""break_type"": ""peak"", ""volume_ratio"": 1.1279}",rejected,2026-02-12 14:01:23.846705+00,No position held to sell,2026-02-12 14:01:20.77496+00,2026-02-13 14:01:20.801252+00,2026-02-12 14:01:20.77496+00
36,c434ea44-e35c-4828-986f-7eb8ebf285f9,NVDA,13f_strong_buy,0.9000,buy,long_term,stock,190.0500,,"{""funds_buying"": 8, ""funds_selling"": 2, ""report_quarter"": ""Q4 2024"", ""net_shares_change"": 101824132, ""institutional_value"": 295193000341.0, ""institutional_sentiment"": 1.2}",rejected,2026-02-12 14:01:23.851377+00,Already holding position,2026-02-12 14:01:20.77496+00,2026-02-13 14:01:20.80167+00,2026-02-12 14:01:20.77496+00
37,104a623b-8795-439a-9b3e-34ab22ae5bcd,AVGO,13f_strong_buy,0.9000,buy,long_term,stock,342.7600,,"{""funds_buying"": 7, ""funds_selling"": 1, ""report_quarter"": ""Q4 2024"", ""net_shares_change"": 456438592, ""institutional_value"": 110736055545.0, ""institutional_sentiment"": 1.5}",rejected,2026-02-12 14:01:23.8546+00,Already holding position,2026-02-12 14:01:20.77496+00,2026-02-13 14:01:20.80206+00,2026-02-12 14:01:20.77496+00
39,e3bc220b-06c1-4968-8df9-dbcf19d09b89,LLY,13f_strong_buy,0.9000,buy,long_term,stock,1015.2100,,"{""funds_buying"": 8, ""funds_selling"": 1, ""report_quarter"": ""Q4 2024"", ""net_shares_change"": 4964231, ""institutional_value"": 59042787431.0, ""institutional_sentiment"": 1.4}",rejected,2026-02-12 14:01:23.863575+00,Already holding position,2026-02-12 14:01:20.77496+00,2026-02-13 14:01:20.802759+00,2026-02-12 14:01:20.77496+00
49,2fd54b5c-7bf5-4993-a10e-0801ed98a97e,LLY,13f_strong_buy,0.9000,buy,long_term,stock,1038.2700,,"{""funds_buying"": 8, ""funds_selling"": 1, ""report_quarter"": ""Q4 2024"", ""net_shares_change"": 4964231, ""institutional_value"": 59042787431.0, ""institutional_sentiment"": 1.4}",rejected,2026-02-13 14:01:21.918686+00,Already holding position,2026-02-13 14:01:19.433774+00,2026-02-14 14:01:19.454763+00,2026-02-13 14:01:19.433774+00
41,9b310888-2e63-4667-ad75-f55cafa5125c,AMP,trend_break_bullish,1.0000,buy,swing,stock,467.3000,,"{""break_id"": 124739, ""magnitude"": 11.17, ""break_type"": ""trough"", ""volume_ratio"": 0.3084}",processed,2026-02-13 14:01:21.887333+00,,2026-02-13 14:01:19.433774+00,2026-02-14 14:01:19.433567+00,2026-02-13 14:01:19.433774+00
42,d1e7cfa5-83e0-494d-939e-147e7282f744,BKNG,trend_break_bearish,1.0000,sell,swing,stock,4159.1001,,"{""break_id"": 249711, ""magnitude"": 12.71, ""break_type"": ""peak"", ""volume_ratio"": 0.3876}",rejected,2026-02-13 14:01:21.892825+00,No position held to sell,2026-02-13 14:01:19.433774+00,2026-02-14 14:01:19.449369+00,2026-02-13 14:01:19.433774+00
43,7298c970-dd9a-4cb9-9096-643a511d903d,BLK,trend_break_bullish,1.0000,buy,swing,stock,1055.6300,,"{""break_id"": 259994, ""magnitude"": 17.8, ""break_type"": ""trough"", ""volume_ratio"": 1.9895}",rejected,2026-02-13 14:01:21.896765+00,Already holding position,2026-02-13 14:01:19.433774+00,2026-02-14 14:01:19.450116+00,2026-02-13 14:01:19.433774+00
44,1603dcfe-c79f-4bc2-a716-c8939ca247e2,CAT,trend_break_bullish,1.0000,buy,swing,stock,758.2900,,"{""break_id"": 301210, ""magnitude"": 16.38, ""break_type"": ""trough"", ""volume_ratio"": 0.8609}",rejected,2026-02-13 14:01:21.898823+00,Already holding position,2026-02-13 14:01:19.433774+00,2026-02-14 14:01:19.450658+00,2026-02-13 14:01:19.433774+00
45,1aaa8744-1547-474d-846a-5a2c248e9e0c,CEG,trend_break_bearish,1.0000,sell,swing,stock,276.1200,,"{""break_id"": 326705, ""magnitude"": 10.82, ""break_type"": ""peak"", ""volume_ratio"": 1.1279}",rejected,2026-02-13 14:01:21.902062+00,No position held to sell,2026-02-13 14:01:19.433774+00,2026-02-14 14:01:19.451065+00,2026-02-13 14:01:19.433774+00
46,ea671bdb-3473-4aef-b9c1-12f25a80521b,NVDA,13f_strong_buy,0.9000,buy,long_term,stock,186.9400,,"{""funds_buying"": 8, ""funds_selling"": 2, ""report_quarter"": ""Q4 2024"", ""net_shares_change"": 101824132, ""institutional_value"": 295193000341.0, ""institutional_sentiment"": 1.2}",rejected,2026-02-13 14:01:21.904255+00,Already holding position,2026-02-13 14:01:19.433774+00,2026-02-14 14:01:19.451382+00,2026-02-13 14:01:19.433774+00
47,bc96d783-90c8-40fa-a9a5-28293b6ad10b,AVGO,13f_strong_buy,0.9000,buy,long_term,stock,331.1700,,"{""funds_buying"": 7, ""funds_selling"": 1, ""report_quarter"": ""Q4 2024"", ""net_shares_change"": 456438592, ""institutional_value"": 110736055545.0, ""institutional_sentiment"": 1.5}",rejected,2026-02-13 14:01:21.909269+00,Already holding position,2026-02-13 14:01:19.433774+00,2026-02-14 14:01:19.451759+00,2026-02-13 14:01:19.433774+00
48,76d6b623-dd18-4149-8ca0-51a6a6ebcd15,GOOGL,13f_strong_buy,0.9000,buy,long_term,stock,309.0000,,"{""funds_buying"": 10, ""funds_selling"": 2, ""report_quarter"": ""Q4 2024"", ""net_shares_change"": 17683799, ""institutional_value"": 97132427810.0, ""institutional_sentiment"": 1.333333}",rejected,2026-02-13 14:01:21.91452+00,Already holding position,2026-02-13 14:01:19.433774+00,2026-02-14 14:01:19.452305+00,2026-02-13 14:01:19.433774+00
50,b2546c0c-5bba-45ab-8e83-ddd3fc8c8fb4,ORCL,13f_strong_buy,0.9000,buy,long_term,stock,156.4800,,"{""funds_buying"": 5, ""funds_selling"": 1, ""report_quarter"": ""Q4 2024"", ""net_shares_change"": 1247165, ""institutional_value"": 26245872156.0, ""institutional_sentiment"": 2.0}",rejected,2026-02-13 14:01:21.920891+00,Already holding position,2026-02-13 14:01:19.433774+00,2026-02-14 14:01:19.455217+00,2026-02-13 14:01:19.433774+00
60,d4928b43-0e43-4204-ae29-9b04f04d0b27,ORCL,13f_strong_buy,0.9000,buy,long_term,stock,160.1400,,"{""funds_buying"": 5, ""funds_selling"": 1, ""report_quarter"": ""Q4 2024"", ""net_shares_change"": 1247165, ""institutional_value"": 26245872156.0, ""institutional_sentiment"": 2.0}",rejected,2026-02-17 14:01:19.649745+00,Already holding position,2026-02-17 14:01:17.127093+00,2026-02-18 14:01:17.150786+00,2026-02-17 14:01:17.127093+00
51,9813786f-3dfb-4634-88d6-832b8ee0921c,AMP,trend_break_bullish,1.0000,buy,swing,stock,473.6700,,"{""break_id"": 124739, ""magnitude"": 11.17, ""break_type"": ""trough"", ""volume_ratio"": 0.3084}",rejected,2026-02-17 14:01:19.586109+00,Already holding position,2026-02-17 14:01:17.127093+00,2026-02-18 14:01:17.126903+00,2026-02-17 14:01:17.127093+00
52,0b328299-f8c5-405c-af34-a0487eb4f79e,BKNG,trend_break_bearish,1.0000,sell,swing,stock,4140.6001,,"{""break_id"": 249711, ""magnitude"": 12.71, ""break_type"": ""peak"", ""volume_ratio"": 0.3876}",rejected,2026-02-17 14:01:19.623036+00,No position held to sell,2026-02-17 14:01:17.127093+00,2026-02-18 14:01:17.147445+00,2026-02-17 14:01:17.127093+00
53,225a01f4-63d1-4b56-969c-99057e351e7d,BLK,trend_break_bullish,1.0000,buy,swing,stock,1071.5100,,"{""break_id"": 259994, ""magnitude"": 17.8, ""break_type"": ""trough"", ""volume_ratio"": 1.9895}",rejected,2026-02-17 14:01:19.625468+00,Already holding position,2026-02-17 14:01:17.127093+00,2026-02-18 14:01:17.148058+00,2026-02-17 14:01:17.127093+00
54,f3e75669-5958-4236-8842-610e2f3bdea2,CAT,trend_break_bullish,1.0000,buy,swing,stock,774.2000,,"{""break_id"": 301210, ""magnitude"": 16.38, ""break_type"": ""trough"", ""volume_ratio"": 0.8609}",rejected,2026-02-17 14:01:19.627459+00,Already holding position,2026-02-17 14:01:17.127093+00,2026-02-18 14:01:17.148646+00,2026-02-17 14:01:17.127093+00
55,fd6c5614-7bb0-4bd4-a928-5522cdaf0de1,CMI,trend_break_bullish,1.0000,buy,swing,stock,601.0100,,"{""break_id"": 379190, ""magnitude"": 13.14, ""break_type"": ""trough"", ""volume_ratio"": 0.6043}",rejected,2026-02-17 14:01:19.62947+00,Already holding position,2026-02-17 14:01:17.127093+00,2026-02-18 14:01:17.14894+00,2026-02-17 14:01:17.127093+00
56,5b9a7041-0353-4a53-aec7-8e25b65157a6,NVDA,13f_strong_buy,0.9000,buy,long_term,stock,182.8100,,"{""funds_buying"": 8, ""funds_selling"": 2, ""report_quarter"": ""Q4 2024"", ""net_shares_change"": 101824132, ""institutional_value"": 295193000341.0, ""institutional_sentiment"": 1.2}",rejected,2026-02-17 14:01:19.633075+00,Already holding position,2026-02-17 14:01:17.127093+00,2026-02-18 14:01:17.149289+00,2026-02-17 14:01:17.127093+00
57,5304c693-8145-4b0c-bbea-4417f43b9116,AVGO,13f_strong_buy,0.9000,buy,long_term,stock,325.1700,,"{""funds_buying"": 7, ""funds_selling"": 1, ""report_quarter"": ""Q4 2024"", ""net_shares_change"": 456438592, ""institutional_value"": 110736055545.0, ""institutional_sentiment"": 1.5}",rejected,2026-02-17 14:01:19.638074+00,Already holding position,2026-02-17 14:01:17.127093+00,2026-02-18 14:01:17.149754+00,2026-02-17 14:01:17.127093+00
58,bc3c3fb9-7461-4a85-95e2-707e1924d1b0,GOOGL,13f_strong_buy,0.9000,buy,long_term,stock,305.7200,,"{""funds_buying"": 10, ""funds_selling"": 2, ""report_quarter"": ""Q4 2024"", ""net_shares_change"": 17683799, ""institutional_value"": 97132427810.0, ""institutional_sentiment"": 1.333333}",rejected,2026-02-17 14:01:19.640206+00,Already holding position,2026-02-17 14:01:17.127093+00,2026-02-18 14:01:17.150107+00,2026-02-17 14:01:17.127093+00
59,824f2221-4c09-4414-b195-bf07f8703859,LLY,13f_strong_buy,0.9000,buy,long_term,stock,1040.0000,,"{""funds_buying"": 8, ""funds_selling"": 1, ""report_quarter"": ""Q4 2024"", ""net_shares_change"": 4964231, ""institutional_value"": 59042787431.0, ""institutional_sentiment"": 1.4}",rejected,2026-02-17 14:01:19.646083+00,Already holding position,2026-02-17 14:01:17.127093+00,2026-02-18 14:01:17.150472+00,2026-02-17 14:01:17.127093+00
64,d3810999-92ef-4571-a47c-23b88700262b,CAT,trend_break_bullish,1.0000,buy,swing,stock,764.7600,,"{""break_id"": 301210, ""magnitude"": 16.38, ""break_type"": ""trough"", ""volume_ratio"": 0.8609}",rejected,2026-02-18 14:01:16.318421+00,Already holding position,2026-02-18 14:01:12.64024+00,2026-02-19 14:01:12.686427+00,2026-02-18 14:01:12.64024+00
65,e389d849-e286-493d-ae99-3deed3bfa920,CMI,trend_break_bullish,1.0000,buy,swing,stock,595.6600,,"{""break_id"": 379190, ""magnitude"": 13.14, ""break_type"": ""trough"", ""volume_ratio"": 0.6043}",rejected,2026-02-18 14:01:16.322133+00,Already holding position,2026-02-18 14:01:12.64024+00,2026-02-19 14:01:12.687126+00,2026-02-18 14:01:12.64024+00
61,de04fcf2-fb19-4a97-9216-ad34eedd5734,AMP,trend_break_bullish,1.0000,buy,swing,stock,468.7800,,"{""break_id"": 124739, ""magnitude"": 11.17, ""break_type"": ""trough"", ""volume_ratio"": 0.3084}",rejected,2026-02-18 14:01:16.262091+00,Already holding position,2026-02-18 14:01:12.64024+00,2026-02-19 14:01:12.639956+00,2026-02-18 14:01:12.64024+00
62,b2c2b03b-0765-4046-8a44-61f756abeb03,BKNG,trend_break_bearish,1.0000,sell,swing,stock,4140.1499,,"{""break_id"": 249711, ""magnitude"": 12.71, ""break_type"": ""peak"", ""volume_ratio"": 0.3876}",rejected,2026-02-18 14:01:16.31266+00,No position held to sell,2026-02-18 14:01:12.64024+00,2026-02-19 14:01:12.680989+00,2026-02-18 14:01:12.64024+00
63,d1009454-c2ca-40c7-a34c-31de63bbaba4,BLK,trend_break_bullish,1.0000,buy,swing,stock,1072.6700,,"{""break_id"": 259994, ""magnitude"": 17.8, ""break_type"": ""trough"", ""volume_ratio"": 1.9895}",rejected,2026-02-18 14:01:16.315694+00,Already holding position,2026-02-18 14:01:12.64024+00,2026-02-19 14:01:12.683351+00,2026-02-18 14:01:12.64024+00
66,33acdd03-d8ec-4faf-8a28-ec8569e96c99,NVDA,13f_strong_buy,0.9000,buy,long_term,stock,184.9700,,"{""funds_buying"": 8, ""funds_selling"": 2, ""report_quarter"": ""Q4 2024"", ""net_shares_change"": 101824132, ""institutional_value"": 295193000341.0, ""institutional_sentiment"": 1.2}",rejected,2026-02-18 14:01:16.330313+00,Already holding position,2026-02-18 14:01:12.64024+00,2026-02-19 14:01:12.690111+00,2026-02-18 14:01:12.64024+00
67,4c1e3209-3f6a-473d-8dc1-3291fb6866aa,AVGO,13f_strong_buy,0.9000,buy,long_term,stock,332.5400,,"{""funds_buying"": 7, ""funds_selling"": 1, ""report_quarter"": ""Q4 2024"", ""net_shares_change"": 456438592, ""institutional_value"": 110736055545.0, ""institutional_sentiment"": 1.5}",rejected,2026-02-18 14:01:16.333673+00,Already holding position,2026-02-18 14:01:12.64024+00,2026-02-19 14:01:12.694505+00,2026-02-18 14:01:12.64024+00
68,e2a9339e-664a-49c5-a716-7acdb47aa2a2,GOOGL,13f_strong_buy,0.9000,buy,long_term,stock,302.0200,,"{""funds_buying"": 10, ""funds_selling"": 2, ""report_quarter"": ""Q4 2024"", ""net_shares_change"": 17683799, ""institutional_value"": 97132427810.0, ""institutional_sentiment"": 1.333333}",rejected,2026-02-18 14:01:16.337756+00,Already holding position,2026-02-18 14:01:12.64024+00,2026-02-19 14:01:12.696624+00,2026-02-18 14:01:12.64024+00
69,3b589569-22d2-4abb-8016-408509b177b5,LLY,13f_strong_buy,0.9000,buy,long_term,stock,1036.0500,,"{""funds_buying"": 8, ""funds_selling"": 1, ""report_quarter"": ""Q4 2024"", ""net_shares_change"": 4964231, ""institutional_value"": 59042787431.0, ""institutional_sentiment"": 1.4}",rejected,2026-02-18 14:01:16.340665+00,Already holding position,2026-02-18 14:01:12.64024+00,2026-02-19 14:01:12.698906+00,2026-02-18 14:01:12.64024+00
70,e373649a-8a8a-4b52-b499-14413e2ede50,ORCL,13f_strong_buy,0.9000,buy,long_term,stock,153.9700,,"{""funds_buying"": 5, ""funds_selling"": 1, ""report_quarter"": ""Q4 2024"", ""net_shares_change"": 1247165, ""institutional_value"": 26245872156.0, ""institutional_sentiment"": 2.0}",rejected,2026-02-18 14:01:16.346752+00,Already holding position,2026-02-18 14:01:12.64024+00,2026-02-19 14:01:12.701477+00,2026-02-18 14:01:12.64024+00
75,b8710f11-3497-4bdb-acc6-da3b8dfaa9ed,LLY,trend_break_bearish,0.9772,sell,swing,stock,1020.5600,,"{""break_id"": 1038165, ""magnitude"": 8.86, ""break_type"": ""peak"", ""volume_ratio"": 0.758}",rejected,2026-02-19 14:01:04.87253+00,No swing position in LLY to sell,2026-02-19 14:01:00.498657+00,2026-02-20 14:01:00.540938+00,2026-02-19 14:01:00.498657+00
76,0a5bb680-7427-43e8-a7bd-febaac8a989d,NVDA,13f_strong_buy,0.9000,buy,long_term,stock,187.9800,,"{""funds_buying"": 8, ""funds_selling"": 2, ""report_quarter"": ""Q4 2024"", ""net_shares_change"": 101824132, ""institutional_value"": 295193000341.0, ""institutional_sentiment"": 1.2}",rejected,2026-02-19 14:01:04.885761+00,Already holding position,2026-02-19 14:01:00.498657+00,2026-02-20 14:01:00.54161+00,2026-02-19 14:01:00.498657+00
80,3337c67f-572a-4abf-a4c1-5e456f93f477,ORCL,13f_strong_buy,0.9000,buy,long_term,stock,156.1700,,"{""funds_buying"": 5, ""funds_selling"": 1, ""report_quarter"": ""Q4 2024"", ""net_shares_change"": 1247165, ""institutional_value"": 26245872156.0, ""institutional_sentiment"": 2.0}",rejected,2026-02-19 14:01:04.89536+00,Already holding position,2026-02-19 14:01:00.498657+00,2026-02-20 14:01:00.543303+00,2026-02-19 14:01:00.498657+00
79,c8bc37ce-a996-48c4-80e7-ee13440889cb,LLY,13f_strong_buy,0.9000,buy,long_term,stock,1020.5600,,"{""funds_buying"": 8, ""funds_selling"": 1, ""report_quarter"": ""Q4 2024"", ""net_shares_change"": 4964231, ""institutional_value"": 59042787431.0, ""institutional_sentiment"": 1.4}",rejected,2026-02-19 14:01:04.893417+00,Already holding position,2026-02-19 14:01:00.498657+00,2026-02-20 14:01:00.542863+00,2026-02-19 14:01:00.498657+00
78,b9533337-8eb8-4730-91c8-2fc4ba1d8824,GOOGL,13f_strong_buy,0.9000,buy,long_term,stock,303.3300,,"{""funds_buying"": 10, ""funds_selling"": 2, ""report_quarter"": ""Q4 2024"", ""net_shares_change"": 17683799, ""institutional_value"": 97132427810.0, ""institutional_sentiment"": 1.333333}",rejected,2026-02-19 14:01:04.891443+00,Already holding position,2026-02-19 14:01:00.498657+00,2026-02-20 14:01:00.542504+00,2026-02-19 14:01:00.498657+00
71,0cfb6e54-f77b-4409-b2cc-4b14ad7b15ab,BKNG,trend_break_bearish,1.0000,sell,swing,stock,4269.9902,,"{""break_id"": 249711, ""magnitude"": 12.71, ""break_type"": ""peak"", ""volume_ratio"": 0.3876}",rejected,2026-02-19 14:01:04.817352+00,No position held to sell,2026-02-19 14:01:00.498657+00,2026-02-20 14:01:00.498427+00,2026-02-19 14:01:00.498657+00
72,88c76ac2-9747-49fd-b906-214c1031ce6a,KLAC,trend_break_bullish,1.0000,buy,swing,stock,1480.3000,,"{""break_id"": 978593, ""magnitude"": 12.78, ""break_type"": ""trough"", ""volume_ratio"": 0.3875}",rejected,2026-02-19 14:01:04.865591+00,Already holding position,2026-02-19 14:01:00.498657+00,2026-02-20 14:01:00.535018+00,2026-02-19 14:01:00.498657+00
73,e1b98068-3d02-4fdd-b006-866fd75e66d2,SNPS,trend_break_bearish,1.0000,sell,swing,stock,442.3100,,"{""break_id"": 1517497, ""magnitude"": 10.98, ""break_type"": ""peak"", ""volume_ratio"": 1.6181}",rejected,2026-02-19 14:01:04.868288+00,No position held to sell,2026-02-19 14:01:00.498657+00,2026-02-20 14:01:00.535817+00,2026-02-19 14:01:00.498657+00
74,fb806e6a-5f44-4a75-941d-1c6a2af2d3a7,URI,trend_break_bearish,1.0000,sell,swing,stock,880.1800,,"{""break_id"": 1715573, ""magnitude"": 15.92, ""break_type"": ""peak"", ""volume_ratio"": 0.4998}",rejected,2026-02-19 14:01:04.870619+00,No position held to sell,2026-02-19 14:01:00.498657+00,2026-02-20 14:01:00.539462+00,2026-02-19 14:01:00.498657+00
77,7e3d08b5-f063-4108-8cde-69212e526eb3,AVGO,13f_strong_buy,0.9000,buy,long_term,stock,333.5100,,"{""funds_buying"": 7, ""funds_selling"": 1, ""report_quarter"": ""Q4 2024"", ""net_shares_change"": 456438592, ""institutional_value"": 110736055545.0, ""institutional_sentiment"": 1.5}",rejected,2026-02-19 14:01:04.889281+00,Already holding position,2026-02-19 14:01:00.498657+00,2026-02-20 14:01:00.542096+00,2026-02-19 14:01:00.498657+00
82,ac2ccc7c-bed3-43df-be5f-aa1ec53f848c,URI,trend_break_bearish,1.0000,sell,swing,stock,888.9800,,"{""break_id"": 1715573, ""magnitude"": 15.92, ""break_type"": ""peak"", ""volume_ratio"": 0.4998}",rejected,2026-02-20 14:00:43.034076+00,No position held to sell,2026-02-20 14:00:40.409313+00,2026-02-21 14:00:40.438523+00,2026-02-20 14:00:40.409313+00
81,5dc38114-7ee9-45a8-a218-f8008cc4fec1,KLAC,trend_break_bullish,1.0000,buy,swing,stock,1469.9000,,"{""break_id"": 978593, ""magnitude"": 12.78, ""break_type"": ""trough"", ""volume_ratio"": 0.3875}",rejected,2026-02-20 14:00:42.945264+00,Already holding position,2026-02-20 14:00:40.409313+00,2026-02-21 14:00:40.409122+00,2026-02-20 14:00:40.409313+00
83,0cc97aa3-4015-43e6-84ed-44772c31c0b6,LLY,trend_break_bearish,0.9772,sell,swing,stock,1023.2200,,"{""break_id"": 1038165, ""magnitude"": 8.86, ""break_type"": ""peak"", ""volume_ratio"": 0.758}",rejected,2026-02-20 14:00:43.036988+00,No swing position in LLY to sell,2026-02-20 14:00:40.409313+00,2026-02-21 14:00:40.439217+00,2026-02-20 14:00:40.409313+00
84,5b2078ee-632e-449a-9915-ba072c4c6391,GWW,trend_break_bearish,0.9610,sell,swing,stock,1127.7300,,"{""break_id"": 789513, ""magnitude"": 8.05, ""break_type"": ""peak"", ""volume_ratio"": 0.5011}",rejected,2026-02-20 14:00:43.049974+00,No position held to sell,2026-02-20 14:00:40.409313+00,2026-02-21 14:00:40.439612+00,2026-02-20 14:00:40.409313+00
85,657b9d58-d7ca-410a-9a5c-194d26c9b5cc,SPGI,trend_break_bearish,0.9238,sell,swing,stock,416.6700,,"{""break_id"": 1532152, ""magnitude"": 6.19, ""break_type"": ""peak"", ""volume_ratio"": 1.4006}",rejected,2026-02-20 14:00:43.053492+00,No position held to sell,2026-02-20 14:00:40.409313+00,2026-02-21 14:00:40.440556+00,2026-02-20 14:00:40.409313+00
86,b14c3b28-604b-4862-a973-444760c981ef,NVDA,13f_strong_buy,0.9000,buy,long_term,stock,187.9000,,"{""funds_buying"": 8, ""funds_selling"": 2, ""report_quarter"": ""Q4 2024"", ""net_shares_change"": 101824132, ""institutional_value"": 295193000341.0, ""institutional_sentiment"": 1.2}",rejected,2026-02-20 14:00:43.058555+00,Already holding position,2026-02-20 14:00:40.409313+00,2026-02-21 14:00:40.441089+00,2026-02-20 14:00:40.409313+00
87,9e8d63fa-2784-4f7e-8a33-0a7bf13fe846,AVGO,13f_strong_buy,0.9000,buy,long_term,stock,333.9900,,"{""funds_buying"": 7, ""funds_selling"": 1, ""report_quarter"": ""Q4 2024"", ""net_shares_change"": 456438592, ""institutional_value"": 110736055545.0, ""institutional_sentiment"": 1.5}",rejected,2026-02-20 14:00:43.060765+00,Already holding position,2026-02-20 14:00:40.409313+00,2026-02-21 14:00:40.441504+00,2026-02-20 14:00:40.409313+00
88,47ff6166-4a0a-4614-a917-7a7d3919c8b0,GOOGL,13f_strong_buy,0.9000,buy,long_term,stock,302.8500,,"{""funds_buying"": 10, ""funds_selling"": 2, ""report_quarter"": ""Q4 2024"", ""net_shares_change"": 17683799, ""institutional_value"": 97132427810.0, ""institutional_sentiment"": 1.333333}",rejected,2026-02-20 14:00:43.062725+00,Already holding position,2026-02-20 14:00:40.409313+00,2026-02-21 14:00:40.441899+00,2026-02-20 14:00:40.409313+00
89,f18ad1d8-31aa-4393-b620-41dae528be2c,LLY,13f_strong_buy,0.9000,buy,long_term,stock,1023.2200,,"{""funds_buying"": 8, ""funds_selling"": 1, ""report_quarter"": ""Q4 2024"", ""net_shares_change"": 4964231, ""institutional_value"": 59042787431.0, ""institutional_sentiment"": 1.4}",rejected,2026-02-20 14:00:43.064689+00,Already holding position,2026-02-20 14:00:40.409313+00,2026-02-21 14:00:40.445833+00,2026-02-20 14:00:40.409313+00
90,c29f590f-a051-4a03-85a2-9aec7ef1d125,ORCL,13f_strong_buy,0.9000,buy,long_term,stock,156.5400,,"{""funds_buying"": 5, ""funds_selling"": 1, ""report_quarter"": ""Q4 2024"", ""net_shares_change"": 1247165, ""institutional_value"": 26245872156.0, ""institutional_sentiment"": 2.0}",rejected,2026-02-20 14:00:43.069079+00,Already holding position,2026-02-20 14:00:40.409313+00,2026-02-21 14:00:40.446336+00,2026-02-20 14:00:40.409313+00
95,2cb41cab-8b72-451a-8988-584ccb566451,ORCL,13f_strong_buy,0.9000,buy,long_term,stock,141.3100,,"{""funds_buying"": 5, ""funds_selling"": 1, ""report_quarter"": ""Q4 2024"", ""net_shares_change"": 1247165, ""institutional_value"": 26245872156.0, ""institutional_sentiment"": 2.0}",rejected,2026-02-24 14:00:28.272187+00,Already holding position,2026-02-24 14:00:25.758113+00,2026-02-25 14:00:25.78988+00,2026-02-24 14:00:25.758113+00
91,c6a6a20d-2d7b-4152-a403-46df2ab8f0d1,NVDA,13f_strong_buy,0.9000,buy,long_term,stock,191.5500,,"{""funds_buying"": 8, ""funds_selling"": 2, ""report_quarter"": ""Q4 2024"", ""net_shares_change"": 101824132, ""institutional_value"": 295193000341.0, ""institutional_sentiment"": 1.2}",rejected,2026-02-24 14:00:28.212685+00,Already holding position,2026-02-24 14:00:25.758113+00,2026-02-25 14:00:25.757907+00,2026-02-24 14:00:25.758113+00
92,b57c5ff5-f8db-4466-baae-3c14f1c00540,AVGO,13f_strong_buy,0.9000,buy,long_term,stock,330.3400,,"{""funds_buying"": 7, ""funds_selling"": 1, ""report_quarter"": ""Q4 2024"", ""net_shares_change"": 456438592, ""institutional_value"": 110736055545.0, ""institutional_sentiment"": 1.5}",rejected,2026-02-24 14:00:28.266062+00,Already holding position,2026-02-24 14:00:25.758113+00,2026-02-25 14:00:25.788275+00,2026-02-24 14:00:25.758113+00
93,a7705de5-b070-4ad1-b0dc-096fc436e59b,GOOGL,13f_strong_buy,0.9000,buy,long_term,stock,311.4900,,"{""funds_buying"": 10, ""funds_selling"": 2, ""report_quarter"": ""Q4 2024"", ""net_shares_change"": 17683799, ""institutional_value"": 97132427810.0, ""institutional_sentiment"": 1.333333}",rejected,2026-02-24 14:00:28.268165+00,Already holding position,2026-02-24 14:00:25.758113+00,2026-02-25 14:00:25.788912+00,2026-02-24 14:00:25.758113+00
94,57dcb8cf-11aa-4fe7-929d-9b48180ecf2c,LLY,13f_strong_buy,0.9000,buy,long_term,stock,1058.5601,,"{""funds_buying"": 8, ""funds_selling"": 1, ""report_quarter"": ""Q4 2024"", ""net_shares_change"": 4964231, ""institutional_value"": 59042787431.0, ""institutional_sentiment"": 1.4}",rejected,2026-02-24 14:00:28.270253+00,Already holding position,2026-02-24 14:00:25.758113+00,2026-02-25 14:00:25.789369+00,2026-02-24 14:00:25.758113+00
96,31bae7fb-6433-4707-8d80-047609bc967e,NVDA,13f_strong_buy,0.9000,buy,long_term,stock,192.8500,,"{""funds_buying"": 8, ""funds_selling"": 2, ""report_quarter"": ""Q4 2024"", ""net_shares_change"": 101824132, ""institutional_value"": 295193000341.0, ""institutional_sentiment"": 1.2}",rejected,2026-02-25 14:00:28.451754+00,Already holding position,2026-02-25 14:00:25.560899+00,2026-02-26 14:00:25.560698+00,2026-02-25 14:00:25.560899+00
100,cdd551f3-7237-4a62-95a9-5270cda84bbe,ORCL,13f_strong_buy,0.9000,buy,long_term,stock,146.1400,,"{""funds_buying"": 5, ""funds_selling"": 1, ""report_quarter"": ""Q4 2024"", ""net_shares_change"": 1247165, ""institutional_value"": 26245872156.0, ""institutional_sentiment"": 2.0}",processed,2026-02-25 14:00:28.538506+00,,2026-02-25 14:00:25.560899+00,2026-02-26 14:00:25.588384+00,2026-02-25 14:00:25.560899+00
99,8f7d82cf-7ea1-4a53-a198-199f5b05e4aa,LLY,13f_strong_buy,0.9000,buy,long_term,stock,1042.1500,,"{""funds_buying"": 8, ""funds_selling"": 1, ""report_quarter"": ""Q4 2024"", ""net_shares_change"": 4964231, ""institutional_value"": 59042787431.0, ""institutional_sentiment"": 1.4}",rejected,2026-02-25 14:00:28.504254+00,Already holding position,2026-02-25 14:00:25.560899+00,2026-02-26 14:00:25.587965+00,2026-02-25 14:00:25.560899+00
98,f562b644-d0ff-4899-bd1e-21f65c35d22d,GOOGL,13f_strong_buy,0.9000,buy,long_term,stock,310.9000,,"{""funds_buying"": 10, ""funds_selling"": 2, ""report_quarter"": ""Q4 2024"", ""net_shares_change"": 17683799, ""institutional_value"": 97132427810.0, ""institutional_sentiment"": 1.333333}",rejected,2026-02-25 14:00:28.500836+00,Already holding position,2026-02-25 14:00:25.560899+00,2026-02-26 14:00:25.587522+00,2026-02-25 14:00:25.560899+00
97,603b2430-e7ec-497a-b083-aaa08e6f9077,AVGO,13f_strong_buy,0.9000,buy,long_term,stock,325.4900,,"{""funds_buying"": 7, ""funds_selling"": 1, ""report_quarter"": ""Q4 2024"", ""net_shares_change"": 456438592, ""institutional_value"": 110736055545.0, ""institutional_sentiment"": 1.5}",rejected,2026-02-25 14:00:28.498733+00,Already holding position,2026-02-25 14:00:25.560899+00,2026-02-26 14:00:25.586893+00,2026-02-25 14:00:25.560899+00
104,1a0cd519-17e7-4376-bce8-e1860e4faf78,LLY,13f_strong_buy,0.9000,buy,long_term,stock,1028.8300,,"{""funds_buying"": 8, ""funds_selling"": 1, ""report_quarter"": ""Q4 2024"", ""net_shares_change"": 4964231, ""institutional_value"": 59042787431.0, ""institutional_sentiment"": 1.4}",rejected,2026-02-26 14:00:27.216648+00,Already holding position,2026-02-26 14:00:24.727706+00,2026-02-27 14:00:24.741781+00,2026-02-26 14:00:24.727706+00
101,344efb7a-ddd1-4f8c-95ee-556cf412f706,NVDA,13f_strong_buy,0.9000,buy,long_term,stock,195.5600,,"{""funds_buying"": 8, ""funds_selling"": 2, ""report_quarter"": ""Q4 2024"", ""net_shares_change"": 101824132, ""institutional_value"": 295193000341.0, ""institutional_sentiment"": 1.2}",rejected,2026-02-26 14:00:27.179626+00,Already holding position,2026-02-26 14:00:24.727706+00,2026-02-27 14:00:24.727507+00,2026-02-26 14:00:24.727706+00
102,46967c00-7174-4a4e-bdee-9cd8cadd32e2,AVGO,13f_strong_buy,0.9000,buy,long_term,stock,332.3100,,"{""funds_buying"": 7, ""funds_selling"": 1, ""report_quarter"": ""Q4 2024"", ""net_shares_change"": 456438592, ""institutional_value"": 110736055545.0, ""institutional_sentiment"": 1.5}",rejected,2026-02-26 14:00:27.207004+00,Already holding position,2026-02-26 14:00:24.727706+00,2026-02-27 14:00:24.740571+00,2026-02-26 14:00:24.727706+00
103,c8585f71-9d5d-413c-bf4b-fda49286fa90,GOOGL,13f_strong_buy,0.9000,buy,long_term,stock,312.9000,,"{""funds_buying"": 10, ""funds_selling"": 2, ""report_quarter"": ""Q4 2024"", ""net_shares_change"": 17683799, ""institutional_value"": 97132427810.0, ""institutional_sentiment"": 1.333333}",rejected,2026-02-26 14:00:27.212704+00,Already holding position,2026-02-26 14:00:24.727706+00,2026-02-27 14:00:24.741187+00,2026-02-26 14:00:24.727706+00
105,c9b7b19e-5b94-4f03-b0a4-c93f01087308,ORCL,13f_strong_buy,0.9000,buy,long_term,stock,147.8900,,"{""funds_buying"": 5, ""funds_selling"": 1, ""report_quarter"": ""Q4 2024"", ""net_shares_change"": 1247165, ""institutional_value"": 26245872156.0, ""institutional_sentiment"": 2.0}",rejected,2026-02-26 14:00:27.21992+00,Already holding position,2026-02-26 14:00:24.727706+00,2026-02-27 14:00:24.744897+00,2026-02-26 14:00:24.727706+00
110,99c07593-d4d8-445c-9a17-953e5d4ace1f,ORCL,13f_strong_buy,0.9000,buy,long_term,stock,150.3100,,"{""funds_buying"": 5, ""funds_selling"": 1, ""report_quarter"": ""Q4 2024"", ""net_shares_change"": 1247165, ""institutional_value"": 26245872156.0, ""institutional_sentiment"": 2.0}",rejected,2026-02-27 14:00:29.537198+00,Already holding position,2026-02-27 14:00:26.999922+00,2026-02-28 14:00:27.025253+00,2026-02-27 14:00:26.999922+00
106,9829247d-9f8b-4d00-8ade-bc902e30b251,NVDA,13f_strong_buy,0.9000,buy,long_term,stock,184.8900,,"{""funds_buying"": 8, ""funds_selling"": 2, ""report_quarter"": ""Q4 2024"", ""net_shares_change"": 101824132, ""institutional_value"": 295193000341.0, ""institutional_sentiment"": 1.2}",rejected,2026-02-27 14:00:29.479251+00,Already holding position,2026-02-27 14:00:26.999922+00,2026-02-28 14:00:26.999723+00,2026-02-27 14:00:26.999922+00
107,e9cc338c-f4a3-4dc5-8737-d87b05430d28,AVGO,13f_strong_buy,0.9000,buy,long_term,stock,321.7000,,"{""funds_buying"": 7, ""funds_selling"": 1, ""report_quarter"": ""Q4 2024"", ""net_shares_change"": 456438592, ""institutional_value"": 110736055545.0, ""institutional_sentiment"": 1.5}",rejected,2026-02-27 14:00:29.526775+00,Already holding position,2026-02-27 14:00:26.999922+00,2026-02-28 14:00:27.022613+00,2026-02-27 14:00:26.999922+00
108,a41a5cb3-15e9-4976-b433-046b9a41447f,GOOGL,13f_strong_buy,0.9000,buy,long_term,stock,307.3800,,"{""funds_buying"": 10, ""funds_selling"": 2, ""report_quarter"": ""Q4 2024"", ""net_shares_change"": 17683799, ""institutional_value"": 97132427810.0, ""institutional_sentiment"": 1.333333}",rejected,2026-02-27 14:00:29.53007+00,Already holding position,2026-02-27 14:00:26.999922+00,2026-02-28 14:00:27.023432+00,2026-02-27 14:00:26.999922+00
109,fe052ab1-4180-4950-8c49-70b5843c657a,LLY,13f_strong_buy,0.9000,buy,long_term,stock,1022.0200,,"{""funds_buying"": 8, ""funds_selling"": 1, ""report_quarter"": ""Q4 2024"", ""net_shares_change"": 4964231, ""institutional_value"": 59042787431.0, ""institutional_sentiment"": 1.4}",rejected,2026-02-27 14:00:29.535404+00,Already holding position,2026-02-27 14:00:26.999922+00,2026-02-28 14:00:27.024724+00,2026-02-27 14:00:26.999922+00
114,a6d0e5e1-3c91-4696-82ab-a9bca66b2a16,LLY,13f_strong_buy,0.9000,buy,long_term,stock,1017.9700,,"{""funds_buying"": 8, ""funds_selling"": 1, ""report_quarter"": ""Q4 2024"", ""net_shares_change"": 4964231, ""institutional_value"": 59042787431.0, ""institutional_sentiment"": 1.4}",rejected,2026-03-03 14:00:28.496218+00,Already holding position,2026-03-03 14:00:25.993362+00,2026-03-04 14:00:26.023949+00,2026-03-03 14:00:25.993362+00
111,eb365a9e-8f50-4c4f-ab19-eac11aef6e16,NVDA,13f_strong_buy,0.9000,buy,long_term,stock,182.4800,,"{""funds_buying"": 8, ""funds_selling"": 2, ""report_quarter"": ""Q4 2024"", ""net_shares_change"": 101824132, ""institutional_value"": 295193000341.0, ""institutional_sentiment"": 1.2}",rejected,2026-03-03 14:00:28.435042+00,Already holding position,2026-03-03 14:00:25.993362+00,2026-03-04 14:00:25.991823+00,2026-03-03 14:00:25.993362+00
112,d59cb2a5-9c17-4261-8a73-2943555908c8,AVGO,13f_strong_buy,0.9000,buy,long_term,stock,318.8200,,"{""funds_buying"": 7, ""funds_selling"": 1, ""report_quarter"": ""Q4 2024"", ""net_shares_change"": 456438592, ""institutional_value"": 110736055545.0, ""institutional_sentiment"": 1.5}",rejected,2026-03-03 14:00:28.489445+00,Already holding position,2026-03-03 14:00:25.993362+00,2026-03-04 14:00:26.022819+00,2026-03-03 14:00:25.993362+00
113,04500a12-77ff-4903-98c3-ec0150fa83dc,GOOGL,13f_strong_buy,0.9000,buy,long_term,stock,306.5200,,"{""funds_buying"": 10, ""funds_selling"": 2, ""report_quarter"": ""Q4 2024"", ""net_shares_change"": 17683799, ""institutional_value"": 97132427810.0, ""institutional_sentiment"": 1.333333}",rejected,2026-03-03 14:00:28.491786+00,Already holding position,2026-03-03 14:00:25.993362+00,2026-03-04 14:00:26.023508+00,2026-03-03 14:00:25.993362+00
115,92a4eed6-ec21-4084-a4d8-c832029f51ea,ORCL,13f_strong_buy,0.9000,buy,long_term,stock,149.2500,,"{""funds_buying"": 5, ""funds_selling"": 1, ""report_quarter"": ""Q4 2024"", ""net_shares_change"": 1247165, ""institutional_value"": 26245872156.0, ""institutional_sentiment"": 2.0}",rejected,2026-03-03 14:00:28.499937+00,Already holding position,2026-03-03 14:00:25.993362+00,2026-03-04 14:00:26.024365+00,2026-03-03 14:00:25.993362+00
120,828fb9c8-db76-4023-9de9-4ac51e791e00,ORCL,13f_strong_buy,0.9000,buy,long_term,stock,149.0100,,"{""funds_buying"": 5, ""funds_selling"": 1, ""report_quarter"": ""Q4 2024"", ""net_shares_change"": 1247165, ""institutional_value"": 26245872156.0, ""institutional_sentiment"": 2.0}",rejected,2026-03-04 14:00:28.335928+00,Already holding position,2026-03-04 14:00:25.345744+00,2026-03-05 14:00:25.363864+00,2026-03-04 14:00:25.345744+00
116,22df3370-e923-459e-b723-b0383f6af119,NVDA,13f_strong_buy,0.9000,buy,long_term,stock,180.0500,,"{""funds_buying"": 8, ""funds_selling"": 2, ""report_quarter"": ""Q4 2024"", ""net_shares_change"": 101824132, ""institutional_value"": 295193000341.0, ""institutional_sentiment"": 1.2}",rejected,2026-03-04 14:00:28.294203+00,Already holding position,2026-03-04 14:00:25.345744+00,2026-03-05 14:00:25.345545+00,2026-03-04 14:00:25.345744+00
117,da6174a3-c37a-41ce-8ffa-48c124db840e,AVGO,13f_strong_buy,0.9000,buy,long_term,stock,313.8400,,"{""funds_buying"": 7, ""funds_selling"": 1, ""report_quarter"": ""Q4 2024"", ""net_shares_change"": 456438592, ""institutional_value"": 110736055545.0, ""institutional_sentiment"": 1.5}",rejected,2026-03-04 14:00:28.32788+00,Already holding position,2026-03-04 14:00:25.345744+00,2026-03-05 14:00:25.362382+00,2026-03-04 14:00:25.345744+00
118,5a5edad2-dafd-4549-b581-6c76590d9ba0,GOOGL,13f_strong_buy,0.9000,buy,long_term,stock,303.5800,,"{""funds_buying"": 10, ""funds_selling"": 2, ""report_quarter"": ""Q4 2024"", ""net_shares_change"": 17683799, ""institutional_value"": 97132427810.0, ""institutional_sentiment"": 1.333333}",rejected,2026-03-04 14:00:28.330103+00,Already holding position,2026-03-04 14:00:25.345744+00,2026-03-05 14:00:25.363017+00,2026-03-04 14:00:25.345744+00
119,d7c0648e-8c67-4e8c-a706-e9ac8d666a90,LLY,13f_strong_buy,0.9000,buy,long_term,stock,1007.7300,,"{""funds_buying"": 8, ""funds_selling"": 1, ""report_quarter"": ""Q4 2024"", ""net_shares_change"": 4964231, ""institutional_value"": 59042787431.0, ""institutional_sentiment"": 1.4}",rejected,2026-03-04 14:00:28.333967+00,Already holding position,2026-03-04 14:00:25.345744+00,2026-03-05 14:00:25.363485+00,2026-03-04 14:00:25.345744+00
125,5fdb7ece-df4e-4be1-8956-10a4da495638,ORCL,13f_strong_buy,0.9000,buy,long_term,stock,152.3700,,"{""funds_buying"": 5, ""funds_selling"": 1, ""report_quarter"": ""Q4 2024"", ""net_shares_change"": 1247165, ""institutional_value"": 26245872156.0, ""institutional_sentiment"": 2.0}",rejected,2026-03-05 14:00:29.649282+00,Already holding position,2026-03-05 14:00:26.632456+00,2026-03-06 14:00:26.657146+00,2026-03-05 14:00:26.632456+00
121,14f3c366-59ee-4f5b-91fa-2c7448661aaa,NVDA,13f_strong_buy,0.9000,buy,long_term,stock,183.0400,,"{""funds_buying"": 8, ""funds_selling"": 2, ""report_quarter"": ""Q4 2024"", ""net_shares_change"": 101824132, ""institutional_value"": 295193000341.0, ""institutional_sentiment"": 1.2}",rejected,2026-03-05 14:00:29.593189+00,Already holding position,2026-03-05 14:00:26.632456+00,2026-03-06 14:00:26.632217+00,2026-03-05 14:00:26.632456+00
122,9d499a5f-92f5-40ed-8fdf-1c4b50d95450,AVGO,13f_strong_buy,0.9000,buy,long_term,stock,317.5300,,"{""funds_buying"": 7, ""funds_selling"": 1, ""report_quarter"": ""Q4 2024"", ""net_shares_change"": 456438592, ""institutional_value"": 110736055545.0, ""institutional_sentiment"": 1.5}",processed,2026-03-05 14:00:29.642301+00,,2026-03-05 14:00:26.632456+00,2026-03-06 14:00:26.652852+00,2026-03-05 14:00:26.632456+00
123,cd7570ed-7964-4267-b153-126140179c85,GOOGL,13f_strong_buy,0.9000,buy,long_term,stock,303.1300,,"{""funds_buying"": 10, ""funds_selling"": 2, ""report_quarter"": ""Q4 2024"", ""net_shares_change"": 17683799, ""institutional_value"": 97132427810.0, ""institutional_sentiment"": 1.333333}",rejected,2026-03-05 14:00:29.644836+00,Already holding position,2026-03-05 14:00:26.632456+00,2026-03-06 14:00:26.653579+00,2026-03-05 14:00:26.632456+00
124,922c7103-e961-4fd6-a7c2-52d70752108b,LLY,13f_strong_buy,0.9000,buy,long_term,stock,1003.5700,,"{""funds_buying"": 8, ""funds_selling"": 1, ""report_quarter"": ""Q4 2024"", ""net_shares_change"": 4964231, ""institutional_value"": 59042787431.0, ""institutional_sentiment"": 1.4}",rejected,2026-03-05 14:00:29.647113+00,Already holding position,2026-03-05 14:00:26.632456+00,2026-03-06 14:00:26.656555+00,2026-03-05 14:00:26.632456+00
126,ff289005-7108-42e1-afe0-7ddae2267543,NVDA,13f_strong_buy,0.9000,buy,long_term,stock,183.3400,,"{""funds_buying"": 8, ""funds_selling"": 2, ""report_quarter"": ""Q4 2024"", ""net_shares_change"": 101824132, ""institutional_value"": 295193000341.0, ""institutional_sentiment"": 1.2}",rejected,2026-03-06 14:00:28.756072+00,Already holding position,2026-03-06 14:00:26.131995+00,2026-03-07 14:00:26.131813+00,2026-03-06 14:00:26.131995+00
130,85551853-b4d6-4f2e-90fe-0e350f2d6adb,ORCL,13f_strong_buy,0.9000,buy,long_term,stock,154.7900,,"{""funds_buying"": 5, ""funds_selling"": 1, ""report_quarter"": ""Q4 2024"", ""net_shares_change"": 1247165, ""institutional_value"": 26245872156.0, ""institutional_sentiment"": 2.0}",rejected,2026-03-06 14:00:28.798015+00,Already holding position,2026-03-06 14:00:26.131995+00,2026-03-07 14:00:26.145832+00,2026-03-06 14:00:26.131995+00
129,80ae45f2-01dc-46c3-a81c-0968bf94f2a6,LLY,13f_strong_buy,0.9000,buy,long_term,stock,983.2600,,"{""funds_buying"": 8, ""funds_selling"": 1, ""report_quarter"": ""Q4 2024"", ""net_shares_change"": 4964231, ""institutional_value"": 59042787431.0, ""institutional_sentiment"": 1.4}",rejected,2026-03-06 14:00:28.794267+00,Already holding position,2026-03-06 14:00:26.131995+00,2026-03-07 14:00:26.145453+00,2026-03-06 14:00:26.131995+00
128,172bcd36-5bc4-42d4-98a6-655dcce09cc6,GOOGL,13f_strong_buy,0.9000,buy,long_term,stock,300.8800,,"{""funds_buying"": 10, ""funds_selling"": 2, ""report_quarter"": ""Q4 2024"", ""net_shares_change"": 17683799, ""institutional_value"": 97132427810.0, ""institutional_sentiment"": 1.333333}",rejected,2026-03-06 14:00:28.791739+00,Already holding position,2026-03-06 14:00:26.131995+00,2026-03-07 14:00:26.144568+00,2026-03-06 14:00:26.131995+00
127,bb017791-23a3-428f-b3a6-530ff22ff212,AVGO,13f_strong_buy,0.9000,buy,long_term,stock,332.7700,,"{""funds_buying"": 7, ""funds_selling"": 1, ""report_quarter"": ""Q4 2024"", ""net_shares_change"": 456438592, ""institutional_value"": 110736055545.0, ""institutional_sentiment"": 1.5}",rejected,2026-03-06 14:00:28.786084+00,Already holding position,2026-03-06 14:00:26.131995+00,2026-03-07 14:00:26.143934+00,2026-03-06 14:00:26.131995+00
134,713c38b2-08ea-448d-bc83-3634a9a46a85,LLY,13f_strong_buy,0.9000,buy,long_term,stock,999.6600,,"{""funds_buying"": 8, ""funds_selling"": 1, ""report_quarter"": ""Q4 2024"", ""net_shares_change"": 4964231, ""institutional_value"": 59042787431.0, ""institutional_sentiment"": 1.4}",rejected,2026-03-10 14:00:28.079558+00,Already holding position,2026-03-10 14:00:25.131639+00,2026-03-11 14:00:25.146569+00,2026-03-10 14:00:25.131639+00
131,a2b981ee-5955-4b1b-9c21-5e0c99e87020,NVDA,13f_strong_buy,0.9000,buy,long_term,stock,182.7500,,"{""funds_buying"": 8, ""funds_selling"": 2, ""report_quarter"": ""Q4 2024"", ""net_shares_change"": 101824132, ""institutional_value"": 295193000341.0, ""institutional_sentiment"": 1.2}",rejected,2026-03-10 14:00:28.038182+00,Already holding position,2026-03-10 14:00:25.131639+00,2026-03-11 14:00:25.131409+00,2026-03-10 14:00:25.131639+00
132,094c60cc-ee60-4105-87fe-69136cec9588,AVGO,13f_strong_buy,0.9000,buy,long_term,stock,350.3300,,"{""funds_buying"": 7, ""funds_selling"": 1, ""report_quarter"": ""Q4 2024"", ""net_shares_change"": 456438592, ""institutional_value"": 110736055545.0, ""institutional_sentiment"": 1.5}",rejected,2026-03-10 14:00:28.074645+00,Already holding position,2026-03-10 14:00:25.131639+00,2026-03-11 14:00:25.145467+00,2026-03-10 14:00:25.131639+00
133,fb03e94d-65e9-4b9c-b300-955d23c906b1,GOOGL,13f_strong_buy,0.9000,buy,long_term,stock,306.3710,,"{""funds_buying"": 10, ""funds_selling"": 2, ""report_quarter"": ""Q4 2024"", ""net_shares_change"": 17683799, ""institutional_value"": 97132427810.0, ""institutional_sentiment"": 1.333333}",rejected,2026-03-10 14:00:28.077853+00,Already holding position,2026-03-10 14:00:25.131639+00,2026-03-11 14:00:25.146108+00,2026-03-10 14:00:25.131639+00
135,a52eeaef-0f09-448e-8891-5d1958f68a42,ORCL,13f_strong_buy,0.9000,buy,long_term,stock,149.8700,,"{""funds_buying"": 5, ""funds_selling"": 1, ""report_quarter"": ""Q4 2024"", ""net_shares_change"": 1247165, ""institutional_value"": 26245872156.0, ""institutional_sentiment"": 2.0}",rejected,2026-03-10 14:00:28.081278+00,Already holding position,2026-03-10 14:00:25.131639+00,2026-03-11 14:00:25.146954+00,2026-03-10 14:00:25.131639+00
137,924dd472-0a0f-408d-ba15-c55c59247a7a,AVGO,13f_strong_buy,0.9000,buy,long_term,stock,345.2450,,"{""funds_buying"": 7, ""funds_selling"": 1, ""report_quarter"": ""Q4 2024"", ""net_shares_change"": 456438592, ""institutional_value"": 110736055545.0, ""institutional_sentiment"": 1.5}",rejected,2026-03-11 14:00:29.784512+00,Already holding position,2026-03-11 14:00:26.718078+00,2026-03-12 14:00:26.73785+00,2026-03-11 14:00:26.718078+00
140,753fd5ab-8558-45d2-a31f-cedfa706d004,ORCL,13f_strong_buy,0.9000,buy,long_term,stock,167.8000,,"{""funds_buying"": 5, ""funds_selling"": 1, ""report_quarter"": ""Q4 2024"", ""net_shares_change"": 1247165, ""institutional_value"": 26245872156.0, ""institutional_sentiment"": 2.0}",rejected,2026-03-11 14:00:29.793717+00,Already holding position,2026-03-11 14:00:26.718078+00,2026-03-12 14:00:26.743412+00,2026-03-11 14:00:26.718078+00
139,90ede4c4-e03d-4831-a24d-ce9c3d12ef67,LLY,13f_strong_buy,0.9000,buy,long_term,stock,995.4700,,"{""funds_buying"": 8, ""funds_selling"": 1, ""report_quarter"": ""Q4 2024"", ""net_shares_change"": 4964231, ""institutional_value"": 59042787431.0, ""institutional_sentiment"": 1.4}",rejected,2026-03-11 14:00:29.789682+00,Already holding position,2026-03-11 14:00:26.718078+00,2026-03-12 14:00:26.742827+00,2026-03-11 14:00:26.718078+00
136,1f454785-154f-4c7a-878e-152b0728789f,NVDA,13f_strong_buy,0.9000,buy,long_term,stock,186.7197,,"{""funds_buying"": 8, ""funds_selling"": 2, ""report_quarter"": ""Q4 2024"", ""net_shares_change"": 101824132, ""institutional_value"": 295193000341.0, ""institutional_sentiment"": 1.2}",rejected,2026-03-11 14:00:29.75275+00,Already holding position,2026-03-11 14:00:26.718078+00,2026-03-12 14:00:26.717865+00,2026-03-11 14:00:26.718078+00
138,5e91e7e6-f446-42ed-af03-b46786f5290b,GOOGL,13f_strong_buy,0.9000,buy,long_term,stock,309.3400,,"{""funds_buying"": 10, ""funds_selling"": 2, ""report_quarter"": ""Q4 2024"", ""net_shares_change"": 17683799, ""institutional_value"": 97132427810.0, ""institutional_sentiment"": 1.333333}",rejected,2026-03-11 14:00:29.78716+00,Already holding position,2026-03-11 14:00:26.718078+00,2026-03-12 14:00:26.740357+00,2026-03-11 14:00:26.718078+00
145,ebffa435-9aff-42b1-9c63-4ecb07a9f20c,ORCL,13f_strong_buy,0.9000,buy,long_term,stock,164.1500,,"{""funds_buying"": 5, ""funds_selling"": 1, ""report_quarter"": ""Q4 2024"", ""net_shares_change"": 1247165, ""institutional_value"": 26245872156.0, ""institutional_sentiment"": 2.0}",rejected,2026-03-12 14:00:30.873875+00,Already holding position,2026-03-12 14:00:27.938086+00,2026-03-13 14:00:27.973759+00,2026-03-12 14:00:27.938086+00
142,4218bf90-9d0c-44ef-a4ff-e13128bbe597,AVGO,13f_strong_buy,0.9000,buy,long_term,stock,333.2300,,"{""funds_buying"": 7, ""funds_selling"": 1, ""report_quarter"": ""Q4 2024"", ""net_shares_change"": 456438592, ""institutional_value"": 110736055545.0, ""institutional_sentiment"": 1.5}",rejected,2026-03-12 14:00:30.865157+00,Already holding position,2026-03-12 14:00:27.938086+00,2026-03-13 14:00:27.970646+00,2026-03-12 14:00:27.938086+00
143,146d3903-a09d-4c84-b010-b0e230e9b231,GOOGL,13f_strong_buy,0.9000,buy,long_term,stock,304.7425,,"{""funds_buying"": 10, ""funds_selling"": 2, ""report_quarter"": ""Q4 2024"", ""net_shares_change"": 17683799, ""institutional_value"": 97132427810.0, ""institutional_sentiment"": 1.333333}",rejected,2026-03-12 14:00:30.868267+00,Already holding position,2026-03-12 14:00:27.938086+00,2026-03-13 14:00:27.972676+00,2026-03-12 14:00:27.938086+00
144,73d54721-b201-4843-b0c0-da915b08b730,LLY,13f_strong_buy,0.9000,buy,long_term,stock,990.6641,,"{""funds_buying"": 8, ""funds_selling"": 1, ""report_quarter"": ""Q4 2024"", ""net_shares_change"": 4964231, ""institutional_value"": 59042787431.0, ""institutional_sentiment"": 1.4}",rejected,2026-03-12 14:00:30.870971+00,Already holding position,2026-03-12 14:00:27.938086+00,2026-03-13 14:00:27.973318+00,2026-03-12 14:00:27.938086+00
141,3f0a54c0-97ac-422e-b518-fa9c9037f292,NVDA,13f_strong_buy,0.9000,buy,long_term,stock,182.6500,,"{""funds_buying"": 8, ""funds_selling"": 2, ""report_quarter"": ""Q4 2024"", ""net_shares_change"": 101824132, ""institutional_value"": 295193000341.0, ""institutional_sentiment"": 1.2}",rejected,2026-03-12 14:00:30.812206+00,Already holding position,2026-03-12 14:00:27.938086+00,2026-03-13 14:00:27.937661+00,2026-03-12 14:00:27.938086+00
150,66d14621-15d1-4e76-87dc-51aa9f77cc10,ORCL,13f_strong_buy,0.9000,buy,long_term,stock,159.1350,,"{""funds_buying"": 5, ""funds_selling"": 1, ""report_quarter"": ""Q4 2024"", ""net_shares_change"": 1247165, ""institutional_value"": 26245872156.0, ""institutional_sentiment"": 2.0}",rejected,2026-03-13 14:00:28.094524+00,Already holding position,2026-03-13 14:00:25.485019+00,2026-03-14 14:00:25.524123+00,2026-03-13 14:00:25.485019+00
148,2cd23629-da3a-406d-86b4-be1383e1c161,GOOGL,13f_strong_buy,0.9000,buy,long_term,stock,306.1500,,"{""funds_buying"": 10, ""funds_selling"": 2, ""report_quarter"": ""Q4 2024"", ""net_shares_change"": 17683799, ""institutional_value"": 97132427810.0, ""institutional_sentiment"": 1.333333}",rejected,2026-03-13 14:00:28.104483+00,Already holding position,2026-03-13 14:00:25.485019+00,2026-03-14 14:00:25.518143+00,2026-03-13 14:00:25.485019+00
149,2fbf044f-d1e2-4d92-94f3-fb50eaac24c6,LLY,13f_strong_buy,0.9000,buy,long_term,stock,1000.3900,,"{""funds_buying"": 8, ""funds_selling"": 1, ""report_quarter"": ""Q4 2024"", ""net_shares_change"": 4964231, ""institutional_value"": 59042787431.0, ""institutional_sentiment"": 1.4}",rejected,2026-03-13 14:00:28.025094+00,Already holding position,2026-03-13 14:00:25.485019+00,2026-03-14 14:00:25.522139+00,2026-03-13 14:00:25.485019+00
146,9f8472d8-bd39-43e8-9d8b-64d7c4b202e3,NVDA,13f_strong_buy,0.9000,buy,long_term,stock,184.9600,,"{""funds_buying"": 8, ""funds_selling"": 2, ""report_quarter"": ""Q4 2024"", ""net_shares_change"": 101824132, ""institutional_value"": 295193000341.0, ""institutional_sentiment"": 1.2}",rejected,2026-03-13 14:00:28.096651+00,Already holding position,2026-03-13 14:00:25.485019+00,2026-03-14 14:00:25.484813+00,2026-03-13 14:00:25.485019+00
147,aa65a7aa-4b80-4442-a965-a78224a08f60,AVGO,13f_strong_buy,0.9000,buy,long_term,stock,336.1200,,"{""funds_buying"": 7, ""funds_selling"": 1, ""report_quarter"": ""Q4 2024"", ""net_shares_change"": 456438592, ""institutional_value"": 110736055545.0, ""institutional_sentiment"": 1.5}",rejected,2026-03-13 14:00:28.099347+00,Already holding position,2026-03-13 14:00:25.485019+00,2026-03-14 14:00:25.517443+00,2026-03-13 14:00:25.485019+00
152,67a4c26c-1b50-4ac8-9022-2f50ff337fe1,AVGO,13f_strong_buy,0.9000,buy,long_term,stock,323.9600,,"{""funds_buying"": 7, ""funds_selling"": 1, ""report_quarter"": ""Q4 2024"", ""net_shares_change"": 456438592, ""institutional_value"": 110736055545.0, ""institutional_sentiment"": 1.5}",rejected,2026-03-17 14:00:20.481628+00,Already holding position,2026-03-17 14:00:17.639486+00,2026-03-18 14:00:17.656662+00,2026-03-17 14:00:17.639486+00
151,66db2280-c6bc-4559-9918-466e689122d6,NVDA,13f_strong_buy,0.9000,buy,long_term,stock,183.0900,,"{""funds_buying"": 8, ""funds_selling"": 2, ""report_quarter"": ""Q4 2024"", ""net_shares_change"": 101824132, ""institutional_value"": 295193000341.0, ""institutional_sentiment"": 1.2}",rejected,2026-03-17 14:00:20.445731+00,Already holding position,2026-03-17 14:00:17.639486+00,2026-03-18 14:00:17.639228+00,2026-03-17 14:00:17.639486+00
153,249cf7e1-1b97-4cec-9baa-33d3d8e37a7d,GOOGL,13f_strong_buy,0.9000,buy,long_term,stock,306.6500,,"{""funds_buying"": 10, ""funds_selling"": 2, ""report_quarter"": ""Q4 2024"", ""net_shares_change"": 17683799, ""institutional_value"": 97132427810.0, ""institutional_sentiment"": 1.333333}",rejected,2026-03-17 14:00:20.484844+00,Already holding position,2026-03-17 14:00:17.639486+00,2026-03-18 14:00:17.657443+00,2026-03-17 14:00:17.639486+00
154,dd183279-0d9e-4d53-a327-591d9c8c32bf,LLY,13f_strong_buy,0.9000,buy,long_term,stock,976.0500,,"{""funds_buying"": 8, ""funds_selling"": 1, ""report_quarter"": ""Q4 2024"", ""net_shares_change"": 4964231, ""institutional_value"": 59042787431.0, ""institutional_sentiment"": 1.4}",rejected,2026-03-17 14:00:20.488806+00,Already holding position,2026-03-17 14:00:17.639486+00,2026-03-18 14:00:17.657936+00,2026-03-17 14:00:17.639486+00
155,b42ee32e-2235-4fa6-8093-ffb595436c1c,ORCL,13f_strong_buy,0.9000,buy,long_term,stock,157.4150,,"{""funds_buying"": 5, ""funds_selling"": 1, ""report_quarter"": ""Q4 2024"", ""net_shares_change"": 1247165, ""institutional_value"": 26245872156.0, ""institutional_sentiment"": 2.0}",rejected,2026-03-17 14:00:20.49089+00,Already holding position,2026-03-17 14:00:17.639486+00,2026-03-18 14:00:17.658503+00,2026-03-17 14:00:17.639486+00
156,b6c39340-d664-44db-aa28-fef22644e596,NVDA,13f_strong_buy,0.9000,buy,long_term,stock,182.5120,,"{""funds_buying"": 8, ""funds_selling"": 2, ""report_quarter"": ""Q4 2024"", ""net_shares_change"": 101824132, ""institutional_value"": 295193000341.0, ""institutional_sentiment"": 1.2}",rejected,2026-03-18 14:00:15.168411+00,Already holding position,2026-03-18 14:00:13.57029+00,2026-03-19 14:00:13.570075+00,2026-03-18 14:00:13.57029+00
157,4fe44392-36d2-4977-9b7e-3e70179eb803,AVGO,13f_strong_buy,0.9000,buy,long_term,stock,322.2600,,"{""funds_buying"": 7, ""funds_selling"": 1, ""report_quarter"": ""Q4 2024"", ""net_shares_change"": 456438592, ""institutional_value"": 110736055545.0, ""institutional_sentiment"": 1.5}",rejected,2026-03-18 14:00:15.189087+00,Already holding position,2026-03-18 14:00:13.57029+00,2026-03-19 14:00:13.579288+00,2026-03-18 14:00:13.57029+00
158,e9ce6b0f-8e9e-4a3a-ab77-93945dd93aa0,GOOGL,13f_strong_buy,0.9000,buy,long_term,stock,310.5711,,"{""funds_buying"": 10, ""funds_selling"": 2, ""report_quarter"": ""Q4 2024"", ""net_shares_change"": 17683799, ""institutional_value"": 97132427810.0, ""institutional_sentiment"": 1.333333}",rejected,2026-03-18 14:00:15.191263+00,Already holding position,2026-03-18 14:00:13.57029+00,2026-03-19 14:00:13.579845+00,2026-03-18 14:00:13.57029+00
159,0b772692-1a70-4436-89e9-4445ec6dbd1f,LLY,13f_strong_buy,0.9000,buy,long_term,stock,911.4800,,"{""funds_buying"": 8, ""funds_selling"": 1, ""report_quarter"": ""Q4 2024"", ""net_shares_change"": 4964231, ""institutional_value"": 59042787431.0, ""institutional_sentiment"": 1.4}",rejected,2026-03-18 14:00:15.193234+00,Already holding position,2026-03-18 14:00:13.57029+00,2026-03-19 14:00:13.580386+00,2026-03-18 14:00:13.57029+00
160,4659b229-38c7-4dbf-a18a-b945b9542f34,ORCL,13f_strong_buy,0.9000,buy,long_term,stock,153.8600,,"{""funds_buying"": 5, ""funds_selling"": 1, ""report_quarter"": ""Q4 2024"", ""net_shares_change"": 1247165, ""institutional_value"": 26245872156.0, ""institutional_sentiment"": 2.0}",rejected,2026-03-18 14:00:15.198364+00,Already holding position,2026-03-18 14:00:13.57029+00,2026-03-19 14:00:13.580787+00,2026-03-18 14:00:13.57029+00
163,647a52e2-01d6-4805-85a8-2176b33a51a7,GOOGL,13f_strong_buy,0.9000,buy,long_term,stock,305.1000,,"{""funds_buying"": 10, ""funds_selling"": 2, ""report_quarter"": ""Q4 2024"", ""net_shares_change"": 17683799, ""institutional_value"": 97132427810.0, ""institutional_sentiment"": 1.333333}",rejected,2026-03-19 14:00:25.928392+00,Already holding position,2026-03-19 14:00:23.43902+00,2026-03-20 14:00:23.460365+00,2026-03-19 14:00:23.43902+00
161,a6552efc-cd2f-480f-ab2d-583f8d570f3c,NVDA,13f_strong_buy,0.9000,buy,long_term,stock,177.7406,,"{""funds_buying"": 8, ""funds_selling"": 2, ""report_quarter"": ""Q4 2024"", ""net_shares_change"": 101824132, ""institutional_value"": 295193000341.0, ""institutional_sentiment"": 1.2}",rejected,2026-03-19 14:00:25.903433+00,Already holding position,2026-03-19 14:00:23.43902+00,2026-03-20 14:00:23.438741+00,2026-03-19 14:00:23.43902+00
165,34655f7d-8d1d-4288-88e6-1702ec9bb9a4,ORCL,13f_strong_buy,0.9000,buy,long_term,stock,154.7400,,"{""funds_buying"": 5, ""funds_selling"": 1, ""report_quarter"": ""Q4 2024"", ""net_shares_change"": 1247165, ""institutional_value"": 26245872156.0, ""institutional_sentiment"": 2.0}",rejected,2026-03-19 14:00:25.946174+00,Already holding position,2026-03-19 14:00:23.43902+00,2026-03-20 14:00:23.46618+00,2026-03-19 14:00:23.43902+00
162,db0a7513-3f33-4033-8e84-c8f7e3de2425,AVGO,13f_strong_buy,0.9000,buy,long_term,stock,312.4450,,"{""funds_buying"": 7, ""funds_selling"": 1, ""report_quarter"": ""Q4 2024"", ""net_shares_change"": 456438592, ""institutional_value"": 110736055545.0, ""institutional_sentiment"": 1.5}",rejected,2026-03-19 14:00:25.926198+00,Already holding position,2026-03-19 14:00:23.43902+00,2026-03-20 14:00:23.459614+00,2026-03-19 14:00:23.43902+00
164,df4e8f35-7051-4596-bf53-5270fb922232,LLY,13f_strong_buy,0.9000,buy,long_term,stock,917.2800,,"{""funds_buying"": 8, ""funds_selling"": 1, ""report_quarter"": ""Q4 2024"", ""net_shares_change"": 4964231, ""institutional_value"": 59042787431.0, ""institutional_sentiment"": 1.4}",processed,2026-03-19 14:00:25.942816+00,,2026-03-19 14:00:23.43902+00,2026-03-20 14:00:23.461839+00,2026-03-19 14:00:23.43902+00
167,3affb307-4702-4b5d-8dff-fcad436c4401,AVGO,13f_strong_buy,0.9000,buy,long_term,stock,306.8800,,"{""funds_buying"": 7, ""funds_selling"": 1, ""report_quarter"": ""Q4 2024"", ""net_shares_change"": 456438592, ""institutional_value"": 110736055545.0, ""institutional_sentiment"": 1.5}",rejected,2026-04-02 14:03:22.132822+00,Already holding position,2026-04-02 14:02:47.044266+00,2026-04-03 14:02:47.067946+00,2026-04-02 14:02:47.044266+00
170,b82196cb-e581-40a8-9627-25d20f25492e,ORCL,13f_strong_buy,0.9000,buy,long_term,stock,142.6499,,"{""funds_buying"": 5, ""funds_selling"": 1, ""report_quarter"": ""Q4 2024"", ""net_shares_change"": 1247165, ""institutional_value"": 26245872156.0, ""institutional_sentiment"": 2.0}",rejected,2026-04-02 14:03:22.147284+00,Already holding position,2026-04-02 14:02:47.044266+00,2026-04-03 14:02:47.070077+00,2026-04-02 14:02:47.044266+00
166,9d4b0647-1073-4d04-ae31-f249d59543b7,NVDA,13f_strong_buy,0.9000,buy,long_term,stock,173.8600,,"{""funds_buying"": 8, ""funds_selling"": 2, ""report_quarter"": ""Q4 2024"", ""net_shares_change"": 101824132, ""institutional_value"": 295193000341.0, ""institutional_sentiment"": 1.2}",rejected,2026-04-02 14:03:22.073082+00,Already holding position,2026-04-02 14:02:47.044266+00,2026-04-03 14:02:47.043827+00,2026-04-02 14:02:47.044266+00
169,093eeca9-3a9d-4b21-99a0-f9b66b026390,LLY,13f_strong_buy,0.9000,buy,long_term,stock,953.2250,,"{""funds_buying"": 8, ""funds_selling"": 1, ""report_quarter"": ""Q4 2024"", ""net_shares_change"": 4964231, ""institutional_value"": 59042787431.0, ""institutional_sentiment"": 1.4}",rejected,2026-04-02 14:03:22.143284+00,Already holding position,2026-04-02 14:02:47.044266+00,2026-04-03 14:02:47.069539+00,2026-04-02 14:02:47.044266+00
168,5f38b6b0-cae6-4718-ac01-e1700c256404,GOOGL,13f_strong_buy,0.9000,buy,long_term,stock,293.8700,,"{""funds_buying"": 10, ""funds_selling"": 2, ""report_quarter"": ""Q4 2024"", ""net_shares_change"": 17683799, ""institutional_value"": 97132427810.0, ""institutional_sentiment"": 1.333333}",rejected,2026-04-02 14:03:22.139284+00,Already holding position,2026-04-02 14:02:47.044266+00,2026-04-03 14:02:47.068904+00,2026-04-02 14:02:47.044266+00
